Date,X2,Berri1,Boyer,CSC,Dame,Parc,PierDup,Rachel,Ren,Urbain,University,Viger
01/01/2016,00:00:00,32,0,0,1,5,1,NA,12,38,14,11
02/01/2016,00:00:00,68,0,0,2,16,6,NA,16,67,30,14
03/01/2016,00:00:00,78,3,0,0,6,1,NA,25,21,25,5
04/01/2016,00:00:00,118,6,2,0,46,0,NA,49,4,111,29
05/01/2016,00:00:00,183,2,2,2,110,5,NA,77,11,158,44
06/01/2016,00:00:00,305,3,45,11,126,3,NA,120,29,224,62
07/01/2016,00:00:00,425,0,70,13,164,5,NA,155,34,313,73
08/01/2016,00:00:00,393,1,77,10,131,3,NA,157,75,310,66
09/01/2016,00:00:00,139,7,34,0,42,8,NA,38,78,100,19
10/01/2016,00:00:00,136,30,59,12,55,10,NA,42,80,73,9
11/01/2016,00:00:00,393,31,93,12,222,6,NA,133,193,340,60
12/01/2016,00:00:00,398,12,129,18,206,8,NA,139,125,286,73
13/01/2016,00:00:00,324,0,72,1,227,6,NA,112,6,234,46
14/01/2016,00:00:00,347,1,76,16,142,8,NA,106,1,274,45
15/01/2016,00:00:00,367,0,70,18,115,1,NA,123,3,221,56
16/01/2016,00:00:00,113,0,20,6,29,7,NA,32,2,70,11
17/01/2016,00:00:00,111,0,13,3,28,4,NA,35,4,65,10
18/01/2016,00:00:00,340,0,72,11,99,1,NA,105,1,151,38
19/01/2016,00:00:00,271,0,28,19,112,2,NA,83,0,153,42
20/01/2016,00:00:00,376,0,83,31,139,0,NA,110,119,232,76
21/01/2016,00:00:00,450,4,75,42,163,0,NA,133,112,281,46
22/01/2016,00:00:00,400,5,78,26,185,0,NA,147,117,230,49
23/01/2016,00:00:00,146,3,25,11,55,0,NA,40,62,70,15
24/01/2016,00:00:00,116,4,27,6,57,0,NA,43,67,58,18
25/01/2016,00:00:00,441,2,164,35,287,4,NA,157,183,354,48
26/01/2016,00:00:00,417,15,109,42,257,4,NA,153,166,311,64
27/01/2016,00:00:00,460,25,143,41,272,4,NA,192,221,341,81
28/01/2016,00:00:00,419,22,132,35,263,9,NA,170,269,396,53
29/01/2016,00:00:00,421,16,140,35,264,11,NA,153,195,312,58
30/01/2016,00:00:00,136,6,35,15,76,11,NA,52,106,119,18
31/01/2016,00:00:00,180,46,82,24,122,29,NA,81,166,156,19
01/02/2016,00:00:00,559,70,251,39,384,31,NA,200,270,522,90
02/02/2016,00:00:00,607,54,221,73,442,25,NA,199,337,557,76
03/02/2016,00:00:00,267,16,74,23,166,8,NA,94,61,169,48
04/02/2016,00:00:00,613,91,246,69,467,16,NA,201,306,526,83
05/02/2016,00:00:00,517,64,185,59,406,28,NA,172,302,470,75
06/02/2016,00:00:00,157,5,50,9,67,7,NA,55,74,85,10
07/02/2016,00:00:00,145,2,8,6,66,8,NA,44,85,74,19
08/02/2016,00:00:00,413,4,38,41,288,8,NA,142,198,374,59
09/02/2016,00:00:00,422,2,60,41,276,10,NA,139,156,318,52
10/02/2016,00:00:00,409,0,101,42,280,5,NA,158,56,304,60
11/02/2016,00:00:00,396,0,34,41,172,3,NA,137,26,340,48
12/02/2016,00:00:00,298,0,36,32,137,6,NA,112,21,248,65
13/02/2016,00:00:00,63,0,2,5,27,0,NA,9,1,48,6
14/02/2016,00:00:00,103,1,0,11,28,2,NA,18,0,28,9
15/02/2016,00:00:00,286,0,35,35,148,10,NA,102,0,238,59
16/02/2016,00:00:00,129,1,25,5,12,0,NA,39,0,44,17
17/02/2016,00:00:00,264,0,36,0,182,7,NA,30,0,181,32
18/02/2016,00:00:00,362,4,14,21,198,2,NA,107,0,240,58
19/02/2016,00:00:00,396,1,63,20,200,2,NA,124,34,228,54
20/02/2016,00:00:00,89,4,12,2,18,4,NA,16,53,58,7
21/02/2016,00:00:00,112,6,18,8,50,19,NA,49,94,20,11
22/02/2016,00:00:00,382,8,38,24,219,9,NA,135,181,0,61
23/02/2016,00:00:00,415,11,51,29,239,5,NA,145,231,0,63
24/02/2016,00:00:00,255,2,16,8,70,6,NA,78,26,0,37
25/02/2016,00:00:00,207,0,2,8,76,2,NA,47,34,75,50
26/02/2016,00:00:00,212,1,0,8,50,6,NA,65,5,118,37
27/02/2016,00:00:00,117,0,0,5,11,5,NA,3,15,56,8
28/02/2016,00:00:00,94,0,1,2,3,3,NA,7937,5,47,8
29/02/2016,00:00:00,143,1,1,7,27,6,NA,69,2,122,44
01/03/2016,00:00:00,247,0,0,14,52,6,NA,92,1,176,47
02/03/2016,00:00:00,171,3,0,14,3,1,NA,3,1,86,28
03/03/2016,00:00:00,218,1,0,15,6,4,NA,55,81,147,62
04/03/2016,00:00:00,288,1,0,20,4,11,NA,151,129,152,52
05/03/2016,00:00:00,142,12,3,8,5,12,NA,42,85,65,18
06/03/2016,00:00:00,165,3,2,12,5,30,NA,52,99,80,17
07/03/2016,00:00:00,306,2,11,23,44,6,NA,100,88,246,52
08/03/2016,00:00:00,455,4,47,25,53,12,NA,165,267,76,66
09/03/2016,00:00:00,549,34,196,31,332,13,NA,228,321,290,76
10/03/2016,00:00:00,579,48,269,50,417,25,NA,238,345,0,71
11/03/2016,00:00:00,674,49,275,62,515,68,NA,229,380,0,78
12/03/2016,00:00:00,484,80,242,55,392,209,NA,174,372,298,48
13/03/2016,00:00:00,534,84,253,95,382,171,NA,243,322,0,33
14/03/2016,00:00:00,665,52,332,96,569,27,NA,256,360,837,99
15/03/2016,00:00:00,778,39,331,145,603,36,NA,311,392,574,66
16/03/2016,00:00:00,969,156,475,164,797,69,NA,136,510,866,82
17/03/2016,00:00:00,1008,114,433,200,815,76,NA,260,496,844,84
18/03/2016,00:00:00,596,78,232,100,475,38,NA,0,351,552,65
19/03/2016,00:00:00,401,71,131,83,291,74,NA,15,283,264,17
20/03/2016,00:00:00,396,96,147,105,329,110,NA,5,268,287,12
21/03/2016,00:00:00,946,104,405,265,738,132,NA,42,490,913,88
22/03/2016,00:00:00,1048,99,392,261,815,134,NA,194,539,927,98
23/03/2016,00:00:00,757,129,315,182,601,82,NA,0,429,665,68
24/03/2016,00:00:00,389,16,106,72,280,7,NA,0,199,353,38
25/03/2016,00:00:00,142,3,2,11,24,9,NA,0,53,85,14
26/03/2016,00:00:00,297,31,70,43,152,89,NA,65,184,147,23
27/03/2016,00:00:00,665,169,199,230,389,591,NA,307,267,258,39
28/03/2016,00:00:00,157,42,76,68,160,45,NA,83,112,202,21
29/03/2016,00:00:00,1237,218,523,324,881,211,NA,464,540,965,100
30/03/2016,00:00:00,1495,246,756,422,1170,372,NA,571,667,1216,187
31/03/2016,00:00:00,536,85,227,148,459,57,NA,237,285,439,58
01/04/2016,00:00:00,1106,344,519,306,849,239,NA,519,589,885,133
02/04/2016,00:00:00,607,640,371,215,439,340,NA,274,472,412,50
03/04/2016,00:00:00,345,363,170,130,252,53,NA,157,211,256,25
04/04/2016,00:00:00,1095,552,450,305,820,148,NA,443,436,891,113
05/04/2016,00:00:00,1214,652,501,372,1026,176,NA,519,573,1066,145
06/04/2016,00:00:00,1008,499,403,377,774,145,NA,505,485,881,112
07/04/2016,00:00:00,262,45,66,49,180,16,NA,95,117,230,20
08/04/2016,00:00:00,552,295,183,143,443,77,NA,226,293,490,70
09/04/2016,00:00:00,483,467,185,112,366,173,NA,161,319,319,31
10/04/2016,00:00:00,549,553,205,243,411,248,NA,235,330,368,42
11/04/2016,00:00:00,551,237,197,153,419,44,NA,206,213,430,67
12/04/2016,00:00:00,1634,865,634,485,1136,314,NA,654,674,1221,146
13/04/2016,00:00:00,2108,1320,944,750,1571,592,NA,930,926,1591,191
14/04/2016,00:00:00,2340,1585,942,951,1623,707,NA,1141,1070,1708,214
15/04/2016,00:00:00,3116,2112,1127,1041,2042,965,NA,1259,1318,2114,292
16/04/2016,00:00:00,2439,2379,892,879,1354,1607,NA,1055,955,1191,197
17/04/2016,00:00:00,3442,3419,1158,1351,1795,3204,NA,1546,1154,1439,225
18/04/2016,00:00:00,1907,1104,833,672,1330,323,NA,867,1088,1558,233
19/04/2016,00:00:00,3754,2326,1443,1466,2288,1122,NA,1713,1747,2586,406
20/04/2016,00:00:00,3980,2586,1731,1392,2719,1121,NA,1728,2013,2766,401
21/04/2016,00:00:00,4621,3294,1872,1707,2789,1938,NA,2145,2043,3070,463
22/04/2016,00:00:00,1798,1308,654,563,1240,240,NA,718,825,1290,212
23/04/2016,00:00:00,2652,2559,931,867,1263,1624,NA,1006,1048,1125,136
24/04/2016,00:00:00,2147,2125,822,766,1142,1296,NA,925,882,931,53
25/04/2016,00:00:00,3254,1300,1064,1199,2277,884,NA,1455,1738,2393,380
26/04/2016,00:00:00,3207,0,NA,1161,2175,817,NA,1372,1824,2347,318
27/04/2016,00:00:00,3131,1239,NA,1077,2094,705,NA,1393,1616,2271,406
28/04/2016,00:00:00,3200,2308,NA,1095,2186,761,NA,1420,1477,2356,426
29/04/2016,00:00:00,3365,2484,NA,1176,2314,953,NA,1493,1475,2468,393
30/04/2016,00:00:00,2892,3490,NA,1118,1450,2148,NA,1312,1168,1264,205
01/05/2016,00:00:00,900,1082,NA,303,568,403,NA,349,466,496,82
02/05/2016,00:00:00,2361,1496,NA,768,1646,371,0,1064,1007,1880,316
03/05/2016,00:00:00,4678,3529,NA,1929,3054,1780,0,2436,2027,3265,572
04/05/2016,00:00:00,4075,2660,NA,1447,2607,1109,0,1973,1734,2898,548
05/05/2016,00:00:00,4921,3725,NA,1976,3237,1765,0,2544,2202,3492,635
06/05/2016,00:00:00,5228,4178,NA,2147,3192,2199,0,2780,2133,3404,622
07/05/2016,00:00:00,4027,4382,NA,1652,1829,3146,0,2132,1465,1605,290
08/05/2016,00:00:00,853,997,NA,235,511,225,0,368,498,510,86
09/05/2016,00:00:00,3630,2558,NA,1327,2358,916,NA,1723,1564,2737,472
10/05/2016,00:00:00,5321,4101,NA,2366,3422,2110,NA,2920,2205,3699,634
11/05/2016,00:00:00,5719,4514,NA,2567,3676,2542,1517,3191,2209,4054,622
12/05/2016,00:00:00,7281,5184,NA,2824,3871,3280,4270,3556,2449,4240,712
13/05/2016,00:00:00,3211,2485,NA,1174,2052,727,2239,1663,1455,2403,320
14/05/2016,00:00:00,2806,3238,NA,1302,1516,2552,2957,1531,1127,1378,198
15/05/2016,00:00:00,1214,1263,NA,365,739,339,1328,477,642,762,83
16/05/2016,00:00:00,2476,1616,NA,841,1759,374,1744,1182,1138,2104,219
17/05/2016,00:00:00,4225,2889,NA,1702,2766,1440,2749,2217,1805,3184,425
18/05/2016,00:00:00,5560,4223,1191,2341,3355,2067,3671,3018,2186,3768,452
19/05/2016,00:00:00,5048,4014,2409,2151,3116,1977,3417,2663,2151,3622,445
20/05/2016,00:00:00,6133,4809,2290,2579,3485,2808,1177,3122,2296,3728,517
21/05/2016,00:00:00,4309,4216,1425,1693,1836,2892,156,2066,1304,1616,300
22/05/2016,00:00:00,4318,4334,1486,1687,2014,3514,64,2057,1276,1681,267
23/05/2016,00:00:00,4160,4634,1737,2041,1891,3965,36,2347,1302,1764,270
24/05/2016,00:00:00,6499,5120,3030,2879,3916,2580,54,3487,2392,4315,675
25/05/2016,00:00:00,5423,4238,2636,2329,3502,1948,95,2946,2003,3869,607
26/05/2016,00:00:00,6445,5194,3034,2830,4077,3001,10,3573,2467,4348,760
27/05/2016,00:00:00,5036,3803,2083,2075,2994,1592,0,2623,1826,3496,574
28/05/2016,00:00:00,4733,4845,1776,1994,2249,2958,0,2483,1645,1951,127
29/05/2016,00:00:00,3367,3283,1317,1200,1862,1737,0,1514,1193,1723,296
30/05/2016,00:00:00,5483,4186,2487,2087,3278,1464,0,2686,1900,3639,583
31/05/2016,00:00:00,6561,5307,3159,3048,4152,2365,0,3643,2865,4784,579
01/06/2016,00:00:00,7168,5658,3317,3053,4314,2833,0,3757,3458,5155,720
02/06/2016,00:00:00,3631,2571,1727,1511,2405,777,0,1850,1985,2900,421
03/06/2016,00:00:00,6957,6345,3473,3117,5290,2299,0,3748,2551,4816,759
04/06/2016,00:00:00,5285,5758,1966,2004,2428,2436,0,2434,1724,2031,363
05/06/2016,00:00:00,2408,2024,1120,1783,2053,292,0,1780,1182,1162,99
06/06/2016,00:00:00,3898,2998,1953,1413,2735,708,1725,1918,1643,3291,424
07/06/2016,00:00:00,4699,3539,2360,1915,3153,865,3369,2432,1886,3945,570
08/06/2016,00:00:00,4834,3341,2306,1910,3102,714,3064,2362,2047,4102,557
09/06/2016,00:00:00,3289,2310,1704,1169,2383,292,2417,1479,1599,2745,367
10/06/2016,00:00:00,5641,4413,2287,2123,3474,1043,4056,2759,2394,3764,605
11/06/2016,00:00:00,3437,2784,1152,954,1553,657,2904,1243,1465,1395,276
12/06/2016,00:00:00,1935,1709,738,560,1030,456,1922,728,934,959,134
13/06/2016,00:00:00,4809,4000,2511,2229,3476,814,3308,2670,2177,3876,656
14/06/2016,00:00:00,6643,5294,3293,3005,4327,1611,4463,3419,2579,4729,712
15/06/2016,00:00:00,7002,5616,3193,3151,4345,1804,4591,3520,2619,4752,743
16/06/2016,00:00:00,7544,5563,3226,2995,4447,1709,4694,3543,2671,4661,700
17/06/2016,00:00:00,6888,5290,2662,2758,4014,1770,4178,3138,2529,4219,645
18/06/2016,00:00:00,5114,4814,1702,2174,2148,3012,3939,2326,1755,2135,311
19/06/2016,00:00:00,3917,4112,1533,1707,2002,2516,3949,1801,1324,1744,319
20/06/2016,00:00:00,5654,4601,2730,2546,3665,2186,3429,2896,1904,4196,688
21/06/2016,00:00:00,6362,5206,3043,2877,4058,2636,4431,3305,2255,4565,731
22/06/2016,00:00:00,4085,3269,2064,1817,2663,1465,2875,2221,1593,3088,474
23/06/2016,00:00:00,6027,5126,2429,2597,3612,2466,4070,3040,2269,4305,686
24/06/2016,00:00:00,4512,4579,1408,1868,1753,3795,3554,2311,1381,1713,396
25/06/2016,00:00:00,3961,3959,1255,1590,1565,2730,3122,1863,1169,1566,349
26/06/2016,00:00:00,3493,3722,1363,1713,1843,2525,3457,1931,1189,1730,309
27/06/2016,00:00:00,2826,2536,1494,1231,1918,1042,2290,1512,1202,2353,379
28/06/2016,00:00:00,3570,2741,1511,1307,2378,887,2323,1697,1412,2952,470
29/06/2016,00:00:00,3966,2751,1695,471,2405,922,2538,1787,1591,3001,452
30/06/2016,00:00:00,6417,5329,2538,1942,3742,2777,3911,3225,2361,4234,651
01/07/2016,00:00:00,3741,3227,1225,1536,1504,2657,2605,1842,1256,1338,292
02/07/2016,00:00:00,3222,2488,1033,955,1406,1035,2385,1464,1255,1345,255
03/07/2016,00:00:00,4746,4151,1388,1947,2110,3683,4058,2282,1579,1788,348
04/07/2016,00:00:00,6219,4898,2670,2848,3816,2727,3720,3338,2317,4301,713
05/07/2016,00:00:00,7189,5473,2857,3055,4038,3031,4137,3662,2531,4895,833
06/07/2016,00:00:00,6852,4925,2639,2817,3838,2767,3637,3577,2387,4679,709
07/07/2016,00:00:00,5520,4085,2076,1959,3326,1248,3890,2437,2094,3904,536
08/07/2016,00:00:00,5828,4295,2089,2416,3303,2272,3490,2876,2111,4013,578
09/07/2016,00:00:00,1392,1240,494,428,700,296,1115,630,578,708,124
10/07/2016,00:00:00,1812,1885,671,525,962,641,1122,655,847,996,154
11/07/2016,00:00:00,6361,5018,2583,3001,3776,3244,3793,3584,2223,5080,718
12/07/2016,00:00:00,6782,5296,2818,2976,3938,3221,3941,3508,1722,4782,720
13/07/2016,00:00:00,6152,4677,2467,2641,3505,2359,3253,3100,1332,4349,681
14/07/2016,00:00:00,5155,3591,1901,1963,3015,1377,2818,2428,1450,3634,519
15/07/2016,00:00:00,5323,3782,1916,2023,2965,1901,3267,2515,1798,3740,615
16/07/2016,00:00:00,4446,3784,1209,1854,1819,3070,3290,2550,1514,2033,380
17/07/2016,00:00:00,4476,4057,1337,1907,1910,3761,5078,2289,1351,1987,396
18/07/2016,00:00:00,4512,3337,2100,2003,3096,1508,2895,2502,1764,3773,608
19/07/2016,00:00:00,6457,4780,2693,2822,3922,3153,4008,3522,2272,4698,684
20/07/2016,00:00:00,6559,5079,2681,2950,3672,3238,4154,3899,2040,4429,729
21/07/2016,00:00:00,6265,4913,2306,2752,3669,2748,3932,3368,2147,4583,798
22/07/2016,00:00:00,4770,3744,1785,1955,2755,1490,3023,2485,1598,3498,585
23/07/2016,00:00:00,2562,2305,934,941,1111,1299,2122,1223,1014,1259,231
24/07/2016,00:00:00,4409,4073,1637,1909,2038,4025,3930,2197,1359,2002,347
25/07/2016,00:00:00,3191,2294,1513,1424,2201,943,2124,1769,1318,2814,445
26/07/2016,00:00:00,6042,4692,2988,2647,3598,3055,3814,3213,2014,4368,735
27/07/2016,00:00:00,6053,4811,3063,2852,3334,2892,3479,3596,2078,4381,737
28/07/2016,00:00:00,5860,4082,2709,2353,3411,1986,3536,2839,2071,4191,664
29/07/2016,00:00:00,5550,4451,2449,2343,3189,3425,3675,3071,1885,3832,667
30/07/2016,00:00:00,4861,4435,1665,1985,1940,4692,3874,2855,1469,2077,469
31/07/2016,00:00:00,4366,4083,1845,1800,2046,4192,4065,2179,1279,2116,401
01/08/2016,00:00:00,4872,3930,2696,2241,3089,2171,3152,2806,1773,3829,625
02/08/2016,00:00:00,6126,4928,3022,2783,3725,3356,3722,3419,1657,4599,744
03/08/2016,00:00:00,5272,4599,3444,2707,3615,3025,3684,3220,1763,4426,686
04/08/2016,00:00:00,5201,4184,2598,2523,3296,2391,3314,2983,1411,3982,653
05/08/2016,00:00:00,4710,3886,2142,2084,2947,2167,3278,2497,1245,3574,586
06/08/2016,00:00:00,3761,3613,1571,1540,1686,2744,3024,2039,999,1843,364
07/08/2016,00:00:00,3614,3235,1513,1453,1694,2724,3118,1877,952,1689,321
08/08/2016,00:00:00,5397,4092,2913,2496,3369,2555,3622,2992,2002,4078,733
09/08/2016,00:00:00,6199,4720,3225,2823,3799,3008,4001,3404,2815,4580,679
10/08/2016,00:00:00,6162,4522,3370,2523,3412,2276,3297,3000,2254,4115,633
11/08/2016,00:00:00,6480,4481,3095,2352,3320,2287,3653,2947,2181,3769,670
12/08/2016,00:00:00,3288,2085,1319,1097,1834,681,2241,1403,1255,1450,369
13/08/2016,00:00:00,1275,1169,479,442,560,208,1241,612,547,352,111
14/08/2016,00:00:00,2938,2213,1045,943,1268,1441,2431,1168,888,1111,213
15/08/2016,00:00:00,5667,4545,3124,2695,3436,3011,3860,3366,2098,3863,656
16/08/2016,00:00:00,3166,2230,1687,1404,2080,1085,2068,1667,1427,2306,447
17/08/2016,00:00:00,5346,4359,2952,2422,3343,2315,3614,2970,741,3736,594
18/08/2016,00:00:00,5893,4681,3143,2706,3503,2382,3787,3292,1538,3953,715
19/08/2016,00:00:00,5530,4626,2755,2394,3100,2485,3840,2907,1776,3453,615
20/08/2016,00:00:00,3856,3719,1596,1646,1736,2644,3147,1997,1134,1762,385
21/08/2016,00:00:00,1351,1314,620,458,724,725,1367,592,520,647,130
22/08/2016,00:00:00,5135,4142,2934,2216,3221,1925,3512,2736,1823,3586,633
23/08/2016,00:00:00,6092,4986,3517,2731,3805,2624,4020,3294,2339,4157,754
24/08/2016,00:00:00,5966,4912,3360,2648,3680,2680,3733,3177,2091,4102,748
25/08/2016,00:00:00,4504,3618,2532,1905,2798,1271,2908,2182,1626,3269,558
26/08/2016,00:00:00,5120,4799,2702,2342,3312,2387,3864,2879,1905,3786,732
27/08/2016,00:00:00,4443,4439,1778,1779,1888,3297,3736,2114,1324,1962,350
28/08/2016,00:00:00,2705,2822,1398,938,1609,1565,2968,1294,992,1634,258
29/08/2016,00:00:00,5668,4537,3824,2588,3790,2459,3561,3254,2684,4203,589
30/08/2016,00:00:00,5877,4582,4005,2440,3997,2062,3475,3089,2941,4408,666
31/08/2016,00:00:00,4944,3738,3304,1992,3333,1137,3601,2583,2367,3794,590
01/09/2016,00:00:00,1299,4815,4555,2571,3992,2151,4155,3288,2398,4559,660
02/09/2016,00:00:00,961,4237,3927,2269,3830,2036,3771,2842,2230,4178,639
03/09/2016,00:00:00,4190,3344,1649,1491,1755,2792,3474,2083,1266,1728,312
04/09/2016,00:00:00,4014,3175,1378,1546,1940,3387,3637,1953,1245,1770,312
05/09/2016,00:00:00,3977,3871,1562,1697,1699,3740,3126,2269,1150,1570,342
06/09/2016,00:00:00,7027,4933,4570,2736,4646,2230,4260,3425,2324,1662,542
07/09/2016,00:00:00,7161,5189,4513,2891,4802,2254,4197,3810,2388,5023,529
08/09/2016,00:00:00,4368,2578,2739,1359,2910,723,2356,1951,1617,3166,286
09/09/2016,00:00:00,6646,4915,4043,2531,4309,2256,4243,3550,2273,4732,677
10/09/2016,00:00:00,3742,3485,2221,1263,1734,2193,3195,1716,1193,1944,353
11/09/2016,00:00:00,2474,2479,1958,816,1793,1026,3312,1156,1028,1564,239
12/09/2016,00:00:00,6146,4230,4662,2562,4526,1921,4003,3449,2338,5047,627
13/09/2016,00:00:00,7121,4995,5337,2847,4896,2360,4105,3904,2604,5201,684
14/09/2016,00:00:00,5365,3423,4120,1988,4052,902,3502,2853,1947,4400,506
15/09/2016,00:00:00,6261,4520,4765,2518,4514,1794,3921,3507,2457,4320,576
16/09/2016,00:00:00,5777,4426,3952,2257,4015,2071,3962,3258,2315,4373,557
17/09/2016,00:00:00,2590,2502,1557,878,1498,1540,2457,1266,1018,1487,212
18/09/2016,00:00:00,3028,2933,1569,1131,1639,1723,2730,1548,983,1569,248
19/09/2016,00:00:00,5960,4171,4642,2556,4481,1849,3422,3423,1817,4621,630
20/09/2016,00:00:00,6562,4688,5044,2530,4712,1928,3709,3604,1737,4490,666
21/09/2016,00:00:00,6676,4461,4007,2539,4738,2081,3970,3741,1866,5025,621
22/09/2016,00:00:00,5530,3489,3370,1969,3960,1030,3346,2954,1819,4193,506
23/09/2016,00:00:00,3923,2852,2650,1351,2833,918,2712,2078,1760,3034,355
24/09/2016,00:00:00,3205,2959,1572,1058,1807,1489,2861,1502,1392,1820,283
25/09/2016,00:00:00,2740,2699,1513,962,1626,1104,2978,1414,1033,1147,186
26/09/2016,00:00:00,5405,3510,3767,2043,4007,1200,3171,2928,2151,4099,537
27/09/2016,00:00:00,5945,3748,4324,2088,4279,1351,3488,2968,2343,4232,527
28/09/2016,00:00:00,6022,3862,4416,2166,4167,1494,3610,3048,2276,4328,495
29/09/2016,00:00:00,5917,3652,3991,2056,4163,1554,3634,3092,2504,4221,541
30/09/2016,00:00:00,5264,3551,3423,1699,3706,1191,3523,2541,2163,3869,520
01/10/2016,00:00:00,2817,2441,1404,775,1524,1182,2758,1180,1258,1590,206
02/10/2016,00:00:00,1705,1426,943,437,1076,452,1741,642,884,1037,113
03/10/2016,00:00:00,5161,3284,3803,1789,3805,1313,3311,2513,2155,3860,502
04/10/2016,00:00:00,5956,3711,4154,2084,4177,1455,3636,2856,2262,4101,514
05/10/2016,00:00:00,6173,3866,4246,2147,4262,1534,3716,2952,2266,4267,539
06/10/2016,00:00:00,6155,4007,4082,2125,4131,1619,3940,2985,2385,4295,559
07/10/2016,00:00:00,5445,3927,3432,1948,3587,1941,3933,2651,2051,3691,486
08/10/2016,00:00:00,755,798,502,221,458,72,814,303,422,505,58
09/10/2016,00:00:00,1837,1645,1089,543,1071,846,2038,730,865,914,161
10/10/2016,00:00:00,1741,1697,989,582,1053,863,2061,734,741,969,132
11/10/2016,00:00:00,5122,3194,3575,1786,3655,1050,3106,2493,2041,3636,500
12/10/2016,00:00:00,5645,3468,3930,1987,3963,1421,3363,2684,2251,3898,601
13/10/2016,00:00:00,3496,1913,2616,1088,2653,429,2088,1576,1532,2600,342
14/10/2016,00:00:00,4232,2632,3062,1358,3212,789,2913,1893,1772,3070,407
15/10/2016,00:00:00,2387,2339,1449,698,1489,1100,2614,938,1151,1289,188
16/10/2016,00:00:00,865,863,580,229,666,74,933,304,407,554,72
17/10/2016,00:00:00,4500,2932,3540,1549,3513,1040,2817,2207,1897,3366,466
18/10/2016,00:00:00,3546,1883,2639,1012,2661,576,2302,1480,1300,2118,334
19/10/2016,00:00:00,5428,3292,3685,1812,3681,1315,3340,2463,2086,3334,508
20/10/2016,00:00:00,2828,1454,2305,950,2215,431,1756,1378,1179,1982,329
21/10/2016,00:00:00,1167,642,817,358,932,87,840,496,543,789,104
22/10/2016,00:00:00,496,396,297,159,324,56,609,202,264,317,46
23/10/2016,00:00:00,927,817,887,233,701,182,1079,337,425,582,63
24/10/2016,00:00:00,2961,1848,1894,1117,2590,527,1959,1565,1232,2356,384
25/10/2016,00:00:00,3108,2002,1844,1128,2685,530,2100,1568,1366,2302,356
26/10/2016,00:00:00,3245,1771,1692,1108,2585,464,2027,1576,1365,2322,339
27/10/2016,00:00:00,2369,1511,1375,859,2102,329,1605,1223,1093,1856,274
28/10/2016,00:00:00,1672,1072,894,483,1571,156,1257,705,746,1323,175
29/10/2016,00:00:00,661,600,335,153,509,34,766,266,370,395,44
30/10/2016,00:00:00,1103,1101,568,262,820,316,1177,385,531,696,64
31/10/2016,00:00:00,2782,1731,1858,931,2439,458,1769,1354,1059,2172,275
01/11/2016,00:00:00,3158,1749,1868,984,2497,375,1633,1349,1443,2214,270
02/11/2016,00:00:00,3825,2307,2196,1243,2957,822,2419,1753,1392,2654,383
03/11/2016,00:00:00,2163,1146,1334,670,1919,211,1373,1024,810,1592,215
04/11/2016,00:00:00,2616,1634,1537,766,2186,352,1797,1155,1036,2039,298
05/11/2016,00:00:00,1201,993,614,291,841,168,1286,399,649,821,110
06/11/2016,00:00:00,1349,1399,717,352,845,420,1582,462,605,798,104
07/11/2016,00:00:00,3096,1921,1970,998,2654,572,2030,1514,1277,2352,348
08/11/2016,00:00:00,3474,2291,2296,1219,2900,820,2293,1696,1499,2790,381
09/11/2016,00:00:00,2903,1782,1947,923,2465,338,2020,1333,1249,2359,281
10/11/2016,00:00:00,2838,1750,1868,924,2463,362,1796,1319,1268,2301,278
11/11/2016,00:00:00,2183,1410,1444,669,1803,221,1735,972,1022,1834,232
12/11/2016,00:00:00,1057,925,490,255,793,141,1108,340,533,805,76
13/11/2016,00:00:00,1231,1197,620,309,933,405,1427,466,593,857,105
14/11/2016,00:00:00,2905,1845,1911,1019,2578,619,2093,1361,726,2307,326
15/11/2016,00:00:00,3148,1934,1948,1153,2642,483,2040,1542,902,2435,329
16/11/2016,00:00:00,2023,743,1380,651,1789,218,673,902,946,1298,186
17/11/2016,00:00:00,2376,304,1643,876,2202,391,NA,1160,1365,1680,200
18/11/2016,00:00:00,1984,535,1477,806,1951,453,NA,1077,1025,1551,160
19/11/2016,00:00:00,1166,368,584,346,890,576,NA,419,674,665,51
20/11/2016,00:00:00,303,99,173,113,255,24,NA,134,230,189,26
21/11/2016,00:00:00,400,21,272,107,313,22,NA,234,93,251,63
22/11/2016,00:00:00,657,62,364,130,467,21,NA,226,137,299,83
23/11/2016,00:00:00,909,308,631,174,697,41,NA,487,390,546,121
24/11/2016,00:00:00,789,373,484,193,606,33,NA,524,360,428,96
25/11/2016,00:00:00,776,364,431,188,601,42,NA,502,351,510,79
26/11/2016,00:00:00,361,330,190,88,275,34,NA,445,235,253,26
27/11/2016,00:00:00,480,434,272,144,363,82,NA,655,266,245,35
28/11/2016,00:00:00,1291,798,898,475,1243,174,NA,1085,572,944,135
29/11/2016,00:00:00,798,436,439,290,683,58,NA,527,376,454,95
30/11/2016,00:00:00,1177,595,727,338,931,108,NA,1121,568,725,112
01/12/2016,00:00:00,975,496,599,251,872,66,NA,401,517,607,99
02/12/2016,00:00:00,993,597,669,262,934,72,NA,651,532,664,98
03/12/2016,00:00:00,579,439,234,106,364,37,NA,583,267,300,26
04/12/2016,00:00:00,646,498,303,139,377,116,NA,329,267,288,43
05/12/2016,00:00:00,546,317,304,157,385,16,NA,224,151,185,63
06/12/2016,00:00:00,693,377,347,134,464,12,NA,254,184,245,71
07/12/2016,00:00:00,660,354,376,173,407,15,NA,254,282,282,76
08/12/2016,00:00:00,836,495,471,203,541,19,NA,390,364,444,105
09/12/2016,00:00:00,546,292,164,83,286,9,NA,220,234,162,58
10/12/2016,00:00:00,275,185,63,18,142,12,NA,69,135,53,25
11/12/2016,00:00:00,238,207,56,28,125,15,NA,71,85,38,17
12/12/2016,00:00:00,353,246,91,59,196,1,NA,115,12,47,19
13/12/2016,00:00:00,561,308,66,95,267,1,NA,225,9,183,35
14/12/2016,00:00:00,559,283,220,132,268,14,NA,201,56,199,50
15/12/2016,00:00:00,443,234,203,88,196,5,NA,153,38,163,43
16/12/2016,00:00:00,271,159,127,66,138,8,NA,123,33,118,33
17/12/2016,00:00:00,127,97,14,8,45,4,NA,40,9,29,12
18/12/2016,00:00:00,93,69,6,22,24,6,NA,29,6,25,6
19/12/2016,00:00:00,384,162,53,88,169,5,NA,107,1,124,25
20/12/2016,00:00:00,460,160,175,93,227,4,NA,143,17,189,46
21/12/2016,00:00:00,461,125,223,127,266,11,NA,186,36,190,64
22/12/2016,00:00:00,427,101,180,79,204,16,NA,167,37,162,39
23/12/2016,00:00:00,274,87,104,56,154,14,NA,128,61,134,26
24/12/2016,00:00:00,78,41,28,13,30,5,NA,22,13,31,4
25/12/2016,00:00:00,44,24,2,3,11,1,NA,11,9,10,7
26/12/2016,00:00:00,53,14,12,11,4,2,NA,21,9,17,6
27/12/2016,00:00:00,137,42,30,26,33,8,NA,59,5,40,11
28/12/2016,00:00:00,181,55,70,44,68,4,NA,85,16,76,19
29/12/2016,00:00:00,120,33,35,18,41,8,NA,53,6,38,14
30/12/2016,00:00:00,120,59,2,29,53,3,NA,55,0,68,3
31/12/2016,00:00:00,52,26,135,11,12,6,NA,16,17,16,3
